depth_m,wind_speed_mps,current_speed_mps,chain_model,link_count,chain_length_m,ball_mass_kg,barrel_angle_deg,last_chain_angle_deg,buoy_draft_m,swing_radius_m,pipe_1_angle_deg,pipe_2_angle_deg,pipe_3_angle_deg,pipe_4_angle_deg,suspended_chain_length_m,seabed_chain_length_m,depth_residual_m,chain_regime,barrel_angle_within_5deg,anchor_angle_within_16deg,status,message
18.0,36.0,1.5,II,210,22.05,800.0,18.87936343871032,27.712771899708233,0.6547416799967414,19.563710648047376,16.963813432798254,17.275952926967882,17.591262354097097,17.909768355877407,22.05000000000007,0.0,-3.552713678800501e-15,fully_suspended,0,0,ok,
18.0,36.0,1.5,II,210,22.05,1000.0,16.416002155508505,27.394479435543055,0.7085235821906162,19.44942952718286,14.787438993365786,15.051107249810121,15.3172330626317,15.585837365345316,22.05000000000007,0.0,-7.105427357601002e-15,fully_suspended,0,0,ok,
18.0,36.0,1.5,II,210,22.05,1200.0,14.508103494819215,27.13460043217449,0.7624021835432979,19.363438039014287,13.097607026260997,13.324824936452485,13.553990277562281,13.785119304481084,22.05000000000007,0.0,-7.105427357601002e-15,fully_suspended,0,0,ok,
18.0,36.0,1.5,II,210,22.05,1500.0,12.344656523978449,26.807231250899964,0.8433069649838276,19.273165372795567,11.175522808829538,11.362773264209304,11.551448737116754,11.741560456178792,22.05000000000007,0.0,-7.105427357601002e-15,fully_suspended,0,0,ok,
18.0,36.0,1.5,II,210,22.05,1800.0,10.738715310667029,26.52198161271383,0.9242529506904986,19.215801919290676,9.743782179705411,9.902433809174115,10.062167624539557,10.222991576004727,22.05000000000007,0.0,-7.105427357601002e-15,fully_suspended,0,0,ok,
18.0,36.0,1.5,II,210,22.05,2100.0,9.50178086363876,26.260007736521107,1.0052063926716999,19.181271806226196,8.63766627206442,8.774980525580823,8.913141900950961,9.052156182773228,22.05000000000007,0.0,-2.1316282072803006e-14,fully_suspended,0,0,ok,
18.0,36.0,1.5,II,210,22.05,2400.0,8.52086633645938,26.01168442798307,1.0861519426143715,19.163057371658777,7.758192157836605,7.879045744455666,8.000579132229657,8.122796639387941,22.05000000000007,0.0,-1.7763568394002505e-14,fully_suspended,0,0,ok,
18.0,36.0,1.5,II,210,22.05,2700.0,7.724478091986206,25.771751080189713,1.1670825639590099,19.156811292983,7.042547497913891,7.150353836127926,7.258717049405483,7.367640436225415,22.05000000000007,0.0,0.0,fully_suspended,0,0,ok,
18.0,36.0,1.5,II,210,22.05,3000.0,7.065307821041524,25.537174566301182,1.2479951992811174,19.159543706708195,6.449050003764402,6.546281620427785,6.6439773525953845,6.742139771339586,22.05000000000007,0.0,1.4210854715202004e-14,fully_suspended,0,0,ok,
