ball_mass_kg,barrel_angle_deg,anchor_angle_deg,buoy_draft_m,swing_radius_m,feasible
1200,9.44577463577181,20.8873478655767,0.719773077196637,18.8719919142762,0
1210,9.36658742118132,20.8449130820266,0.722366607794112,18.8669744507984,0
1220,9.28838501043995,20.8024401894378,0.724960341779798,18.8620158016821,0
1230,9.21114953784605,20.759926304322,0.727554275599454,18.8571149259334,0
1240,9.13486355677636,20.7173686017603,0.730148405811127,18.8522708011836,0
1250,9.05951002781469,20.6747643130793,0.732742729081127,18.8474824232894,0
1260,8.98507230726817,20.6321107236164,0.735337242180171,18.8427488059398,0
1270,8.91153413605718,20.5894051705701,0.737931941979683,18.83806898027,0
1280,8.83887962896527,20.5466450409334,0.740526825448243,18.8334419944831,0
1290,8.76709326423617,20.5038277695043,0.743121889648178,18.8288669134788,0
1300,8.69615987350549,20.4609508369718,0.745717131732291,18.8243428184887,0
1310,8.62606463205489,20.4180117680723,0.748312548940718,18.8198688067198,0
1320,8.55679304937742,20.3750081298156,0.750908138597914,18.815443991004,0
1330,8.48833096004276,20.3319375297752,0.753503898109753,18.8110674994551,0
1340,8.42066451485177,20.2887976144421,0.756099824960746,18.8067384751325,0
1350,8.35378017227019,20.2455860676365,0.758695916711361,18.802456075712,0
1360,8.28766469013135,20.2023006089795,0.761292170995461,18.7982194731627,0
1370,8.22230511759875,20.1589389924169,0.763888585517825,18.7940278534309,0
1380,8.1576887873792,20.1154990047971,0.766485158051778,18.789880416131,0
1390,8.09380330817774,20.0719784644978,0.769081886436903,18.7857763742418,0
1400,8.03063655738595,20.0283752201025,0.771678768576847,18.7817149538099,0
1410,7.9681766739956,19.9846871491206,0.774275802437205,18.777695393659,0
1420,7.90641205172969,19.9409121567537,0.77687298604349,18.7737169451051,0
1430,7.84533133238352,19.8970481747027,0.779470317479175,18.7697788716784,0
1440,7.78492339936839,19.8530931600157,0.782067794883811,18.7658804488505,0
1450,7.72517737145121,19.8090450939749,0.784665416451215,18.7620209637672,0
1460,7.66608259668306,19.7649019810194,0.787263180427725,18.7581997149876,0
1470,7.60762864651047,19.7206618477049,0.789861085110521,18.7544160122285,0
1480,7.54980531006309,19.6763227416968,0.792459128846007,18.7506691761137,0
1490,7.49260258861189,19.6318827307953,0.795057310028254,18.7469585379295,0
1500,7.436010690192,19.5873399019929,0.797655627097496,18.743283439385,0
1510,7.38002002438478,19.5426923605612,0.800254078538687,18.7396432323774,0
1520,7.32462119725375,19.497938229166,0.802852662880107,18.7360372787624,0
1530,7.26980500642922,19.4530756470107,0.805451378692017,18.7324649501296,0
1540,7.21556243633667,19.4081027690057,0.808050224585365,18.7289256275828,0
1550,7.16188465356422,19.3630177649632,0.810649199210542,18.7254187015242,0
1560,7.10876300236445,19.3178188188161,0.81324830125617,18.7219435714447,0
1570,7.05618900028624,19.2725041278597,0.815847529447948,18.7184996457167,0
1580,7.00415433393236,19.2270719020179,0.818446882547534,18.7150863413931,0
1590,6.9526508548387,19.1815203631267,0.821046359351457,18.7117030840095,0
1600,6.90167057547114,19.1358477442426,0.823645958690081,18.7083493073909,0
1610,6.85120566533629,19.0900522889684,0.826245679426601,18.7050244534622,0
1620,6.80124844720246,19.0441322507973,0.828845520456069,18.7017279720633,0
1630,6.7517913934272,18.9980858924765,0.831445480704458,18.6984593207675,0
1640,6.70282712238806,18.9519114853877,0.834045559127759,18.6952179647037,0
1650,6.65434839501328,18.9056073089445,0.83664575471111,18.692003376383,0
1660,6.60634811140925,18.8591716500042,0.839246066467949,18.688815035528,0
1670,6.55881930758155,18.8126028022976,0.841846493439203,18.6856524289058,0
1680,6.51175515224673,18.7658990658711,0.844447034692502,18.6825150501653,0
1690,6.46514894373197,18.719058746544,0.847047689321419,18.6794023996769,0
1700,6.41899410695977,18.6720801553791,0.849648456444736,18.6763139843756,0
1710,6.37328419051512,18.6249616081667,0.852249335205736,18.6732493176078,0
1720,6.32801286379244,18.5777014249192,0.854850324771517,18.6702079189806,0
1730,6.28317391422005,18.5302979293806,0.857451424332332,18.6671893142146,0
1740,6.23876124455945,18.4827494485443,0.860052633100947,18.6641930349996,0
1750,6.19476887027739,18.4350543121847,0.862653950312024,18.6612186188527,0
1760,6.1511909169884,18.3872108523957,0.865255375221522,18.6582656089797,0
1770,6.10802161796546,18.3392174031438,0.867856907106119,18.6553335541393,0
1780,6.06525531171709,18.2910722998263,0.870458545262655,18.6524220085096,0
1790,6.02288643962843,18.2427738788416,0.873060289007588,18.6495305315573,0
1800,5.98090954366471,18.194320477168,0.875662137676474,18.6466586879094,0
1810,5.93931926413504,18.1457104319488,0.878264090623457,18.6438060472281,0
1820,5.89811033751477,18.0969420800885,0.880866147220786,18.6409721840864,0
1830,5.85727759432465,18.0480137578544,0.883468306858334,18.6381566778481,0
1840,5.81681595706512,17.9989238004867,0.886070568943148,18.6353591125484,0
1850,5.77672043820407,17.9496705418147,0.888672932898998,18.6325790767777,0
1860,5.73698613821647,17.9002523138818,0.891275398165952,18.629816163567,0
1870,5.6976082436744,17.8506674465738,0.893877964199962,18.6270699702761,0
1880,5.65858202538595,17.8009142672558,0.896480630472457,18.6243400984827,0
1890,5.61990283658151,17.7509911004141,0.899083396469959,18.6216261538749,0
1900,5.5815661111462,17.7008962673042,0.901686261693704,18.6189277461442,0
1910,5.54356736189702,17.6506280856024,0.904289225659275,18.6162444888816,0
1920,5.50590217890334,17.6001848690651,0.906892287896256,18.6135759994748,0
1930,5.46856622784969,17.5495649271901,0.909495447947881,18.6109218990075,0
1940,5.43155524843939,17.4987665648852,0.912098705370709,18.60828181216,0
1950,5.39486505283806,17.4477880821385,0.9147020597343,18.6056553671123,0
1960,5.3584915241557,17.3966277736954,0.917305510620906,18.6030421954479,0
1970,5.32243061496639,17.3452839287373,0.919909057625172,18.6004419320597,0
1980,5.28667834586444,17.2937548305648,0.922512700353837,18.5978542150576,0
1990,5.25123080405594,17.2420387562851,0.925116438425462,18.5952786856771,0
2000,5.21608414198489,17.1901339765018,0.927720271470148,18.5927149881899,0
2010,5.18123457599269,17.1380387550074,0.930324199129275,18.5901627698151,0
2020,5.14667838501026,17.0857513484807,0.932928221055244,18.5876216806328,0
2030,5.11241190928175,17.0332700061836,0.935532336911229,18.5850913734985,0
2040,5.07843154911906,16.9805929696646,0.938136546370934,18.5825715039583,0
2050,5.04473376368624,16.9277184724608,0.940740849118362,18.5800617301666,0
2060,5.011315069813,16.8746447398045,0.943345244847587,18.5775617128037,0
2070,4.97817204083649,16.821369988331,0.945949733262534,18.5750711149953,0
2080,4.94530130547059,16.7678924257888,0.948554314076769,18.5725896022332,0
2090,4.91269954670202,16.7142102507499,0.951158987013289,18.5701168422967,0
2100,4.88036350071239,16.6603216523247,0.953763751804326,18.5676525051754,0
2110,4.84828995582564,16.6062248098761,0.956368608191152,18.5651962629924,0
2120,4.81647575148013,16.551917892734,0.958973555923891,18.5627477899299,0
2130,4.7849177772247,16.4973990599143,0.961578594761336,18.5603067621541,0
2140,4.75361297173805,16.442666459836,0.964183724470779,18.5578728577421,0
2150,4.72255832187086,16.3877182300405,0.966788944827832,18.5554457566091,0
2160,4.69175086170999,16.3325524969112,0.969394255616266,18.5530251404374,0
2170,4.66118767166428,16.277167375394,0.971999656627851,18.5506106926048,0
2180,4.63086587757118,16.2215609687181,0.9746051476622,18.5482020981154,0
2190,4.60078264982389,16.1657313681181,0.977210728526616,18.5457990435297,0
2200,4.57093520251833,16.1096766525543,0.97981639903595,18.5434012168965,0
2210,4.54132079261942,16.0533948884358,0.982422159012458,18.5410083076852,0
2220,4.51193671914625,15.9968841293417,0.985028008285664,18.5386200067185,1
2230,4.48278032237558,15.9401424157425,0.987633946692226,18.5362360061062,1
2240,4.4538489830632,15.8831677747228,0.990239974075809,18.5338559991796,1
2250,4.42514012168273,15.8259582197017,0.992846090286962,18.531479680426,1
2260,4.39665119768139,15.7685117501542,0.995452295182993,18.5291067454243,1
2270,4.36837970875222,15.7108263513316,0.998058588627857,18.5267368907811,1
2280,4.34032319012254,15.6528999939814,1.00066497049204,18.5243698140672,1
2290,4.31247921385798,15.5947306340661,1.00327144065245,18.5220052137547,1
2300,4.2848453881819,15.5363162124825,1.0058779989923,18.5196427891543,1
2310,4.25741935680962,15.4776546547783,1.00848464540105,18.5172822403535,1
2320,4.23019879829732,15.4187438708691,1.01109137977423,18.5149232681549,1
2330,4.20318142540496,15.3595817547538,1.01369820201341,18.5125655740153,1
2340,4.17636498447312,15.3001661842287,1.0163051120261,18.5102088599842,1
2350,4.14974725481328,15.2404950206014,1.01891210972562,18.5078528286444,1
2360,4.12332604811117,15.1805661084003,1.02151919503104,18.505497183051,1
2370,4.09709920784306,15.1203772750869,1.0241263678671,18.5031416266722,1
2380,4.07106460870435,15.0599263307639,1.02673362816414,18.5007858633296,1
2390,4.04522015605055,14.9992110678816,1.02934097585796,18.4984295971387,1
2400,4.01956378534998,14.9382292609433,1.03194841088983,18.4960725324508,1
2410,3.99409346164814,14.8769786662102,1.03455593320635,18.493714373793,1
2420,3.96880717904335,14.8154570214,1.03716354275942,18.4913548258109,1
2430,3.94370296017346,14.75366204539,1.03977123950613,18.4889935932094,1
2440,3.91877885571329,14.6915914379111,1.04237902340874,18.486630380695,1
2450,3.8940329438826,14.6292428792467,1.04498689443459,18.4842648929173,1
2460,3.86946332996426,14.5666140299223,1.04759485255604,18.4818968344117,1
2470,3.84506814583253,14.503702530398,1.05020289775042,18.4795259095408,1
2480,3.82084554949095,14.4405060007577,1.05281102999996,18.4771518224371,1
2490,3.79679372461993,14.3770220403931,1.05541924929176,18.4747742769453,1
2500,3.77291088013349,14.3132482276866,1.05802755561768,18.4723929765646,1
2510,3.74919524974522,14.249182119695,1.06063594897437,18.4700076243905,1
2520,3.72564509154299,14.1848212518223,1.06324442936317,18.4676179230581,1
2530,3.7022586875724,14.1201631374998,1.06585299679005,18.4652235746836,1
2540,3.67903434342866,14.0552052678543,1.06846165126562,18.4628242808069,1
2550,3.6559703878567,13.9899451113774,1.07107039280503,18.4604197423338,1
2560,3.63306517235942,13.9243801135949,1.07367922142798,18.4580096594777,1
2570,3.61031707081371,13.8585076967231,1.07628813715862,18.4555937317022,1
2580,3.58772447909428,13.7923252593347,1.07889714002556,18.4531716576625,1
2590,3.5652858147049,13.7258301760097,1.08150623006184,18.4507431351474,1
2600,3.54299951641706,13.6590197969905,1.08411540730484,18.4483078610203,1
2610,3.52086404391575,13.5918914478315,1.08672467179631,18.4458655311611,1
2620,3.49887787745231,13.5244424290414,1.0893340235823,18.4434158404071,1
2630,3.47703951750406,13.4566700157276,1.09194346271314,18.4409584824939,1
2640,3.45534748444066,13.3885714572331,1.09455298924341,18.4384931499959,1
2650,3.43380031819703,13.320143976769,1.09716260323192,18.4360195342671,1
2660,3.41239657795259,13.2513847710471,1.09977230474169,18.4335373253805,1
2670,3.39113484181687,13.1822910099043,1.10238209383991,18.4310462120682,1
2680,3.37001370652106,13.1128598359235,1.1049919705979,18.428545881661,1
2690,3.34903178711571,13.0430883640523,1.10760193509116,18.426036020027,1
2700,3.32818771667415,12.9729736812154,1.11021198739926,18.4235163115108,1
2710,3.30748014600161,12.9025128459247,1.11282212760591,18.4209864388711,1
2720,3.28690774335002,12.8317028878811,1.11543235579885,18.418446083219,1
2730,3.26646919413815,12.7605408075745,1.11804267206992,18.4158949239555,1
2740,3.2461632006772,12.6890235758803,1.12065307651499,18.4133326387079,1
2750,3.22598848190147,12.6171481336488,1.12326356923397,18.4107589032667,1
2760,3.20594377310425,12.5449113912882,1.1258741503308,18.4081733915213,1
2770,3.18602782567867,12.4723102283468,1.12848481991342,18.4055757753956,1
2780,3.1662394068634,12.3993414930884,1.13109557809378,18.4029657247825,1
2790,3.14657729949316,12.3260020020593,1.13370642498784,18.4003429074784,1
2800,3.12704030175387,12.2522885396553,1.13631736071551,18.3977069891168,1
2810,3.1076272269424,12.1781978576802,1.13892838540073,18.3950576331013,1
2820,3.08833690323079,12.1037266748994,1.14153949917137,18.3923945005379,1
2830,3.06916817343484,12.0288716765864,1.14415070215931,18.3897172501668,1
2840,3.05011989478694,11.9536295140674,1.14676199450039,18.3870255382934,1
2850,3.03119093871318,11.8779968042565,1.14937337633441,18.3843190187184,1
2860,3.01238019061447,11.8019701291861,1.15198484780515,18.3815973426675,1
2870,2.99368654965173,11.7255460355325,1.15459640906035,18.3788601587201,1
2880,2.975108928535,11.6487210341326,1.15720806025174,18.3761071127373,1
2890,2.95664625331636,11.5714915994976,1.159819801535,18.3733378477888,1
2900,2.93829746318665,11.493854169319,1.16243163306982,18.3705520040795,1
2910,2.92006151027587,11.415805143966,1.16504355501984,18.3677492188745,1
2920,2.90193735945718,11.3373408859811,1.16765556755271,18.3649291264239,1
2930,2.88392398815443,11.2584577195646,1.17026767084008,18.3620913578864,1
2940,2.86602038615313,11.179151930053,1.17287986505759,18.3592355412514,1
2950,2.84822555541486,11.0994197633949,1.17549215038491,18.3563613012612,1
2960,2.83053850989496,11.0192574256125,1.1781045270057,18.3534682593313,1
2970,2.81295827536344,10.9386610822628,1.18071699510771,18.3505560334696,1
2980,2.79548388922913,10.8576268578875,1.18332955488269,18.3476242381955,1
2990,2.77811440036692,10.7761508354557,1.18594220652648,18.3446724844569,1
3000,2.76084886894799,10.6942290558031,1.18855495023896,18.3417003795462,1
